nome_associado,sobrenome_associado,idade_associado,vlr_transacao_movimento,des_transacao_movimento,data_movimento,numero_cartao,nome_impresso_cartao,data_criacao_cartao,tipo_conta,data_criacao_conta
Henry Gabriel,Alves,19,31.89,Transação 1 - Café,2023-11-13 02:57:01,5184011354531588,HENRY GABRIEL ALVES,2023-06-20 03:20:13,CORRENTE,2023-05-06 14:56:21
Henry Gabriel,Alves,19,434.47,Transação 2 - Restaurante,2024-03-14 02:10:01,5201323440758748,HENRY GABRIEL ALVES,2023-09-17 05:51:28,POUPANCA,2023-07-01 12:35:05
Henry Gabriel,Alves,19,114.03,Transação 3 - Cinema,2023-11-08 23:04:37,5201323440758748,HENRY GABRIEL ALVES,2023-09-17 05:51:28,POUPANCA,2023-07-01 12:35:05
Henry Gabriel,Alves,19,1349.73,Transação 4 - Supermercado,2023-08-18 17:02:43,5559988996325064,HENRY GABRIEL ALVES,2023-07-25 14:15:42,POUPANCA,2023-07-01 12:35:05
Henry Gabriel,Alves,19,558.27,Transação 5 - Farmácia,2023-08-19 16:58:40,5559988996325064,HENRY GABRIEL ALVES,2023-07-25 14:15:42,POUPANCA,2023-07-01 12:35:05
Henry Gabriel,Alves,19,90.08,Transação 6 - Transporte,2023-11-14 04:10:54,5559988996325064,HENRY GABRIEL ALVES,2023-07-25 14:15:42,POUPANCA,2023-07-01 12:35:05
Yan,da Cruz,20,13.58,Transação 7 - Café,2023-08-12 23:14:48,5331596461994275,YAN DA CRUZ,2023-06-15 11:36:54,CORRENTE,2023-04-10 06:46:53
Yan,da Cruz,20,208.45,Transação 8 - Restaurante,2023-09-18 04:15:22,5331596461994275,YAN DA CRUZ,2023-06-15 11:36:54,CORRENTE,2023-04-10 06:46:53
Yan,da Cruz,20,25.26,Transação 9 - Cinema,2023-11-22 14:05:47,5331596461994275,YAN DA CRUZ,2023-06-15 11:36:54,CORRENTE,2023-04-10 06:46:53
Yan,da Cruz,20,978.73,Transação 10 - Supermercado,2023-11-15 00:51:03,5331596461994275,YAN DA CRUZ,2023-06-15 11:36:54,CORRENTE,2023-04-10 06:46:53
Yan,da Cruz,20,267.15,Transação 11 - Farmácia,2023-10-25 01:09:35,5102046841999088,YAN DA CRUZ,2023-05-07 20:24:28,CORRENTE,2023-04-10 06:46:53
Yan,da Cruz,20,45.15,Transação 12 - Transporte,2023-06-27 18:43:15,5102046841999088,YAN DA CRUZ,2023-05-07 20:24:28,CORRENTE,2023-04-10 06:46:53
Yan,da Cruz,20,40.38,Transação 13 - Café,2023-07-27 02:50:22,5102046841999088,YAN DA CRUZ,2023-05-07 20:24:28,CORRENTE,2023-04-10 06:46:53
Yan,da Cruz,20,429.37,Transação 14 - Restaurante,2023-10-07 16:11:33,5102046841999088,YAN DA CRUZ,2023-05-07 20:24:28,CORRENTE,2023-04-10 06:46:53
Yan,da Cruz,20,159.63,Transação 15 - Cinema,2023-09-29 12:27:44,5102046841999088,YAN DA CRUZ,2023-05-07 20:24:28,CORRENTE,2023-04-10 06:46:53
Yan,da Cruz,20,1048.55,Transação 16 - Supermercado,2023-11-04 18:01:17,4800279567662055,YAN DA CRUZ,2023-05-11 08:30:55,CORRENTE,2023-04-10 06:46:53
Yan,da Cruz,20,290.51,Transação 17 - Farmácia,2023-10-17 22:14:23,4800279567662055,YAN DA CRUZ,2023-05-11 08:30:55,CORRENTE,2023-04-10 06:46:53
Yan,da Cruz,20,171.30,Transação 18 - Transporte,2023-06-03 16:09:42,4800279567662055,YAN DA CRUZ,2023-05-11 08:30:55,CORRENTE,2023-04-10 06:46:53
Yan,da Cruz,20,24.39,Transação 19 - Café,2023-08-31 23:43:03,4800279567662055,YAN DA CRUZ,2023-05-11 08:30:55,CORRENTE,2023-04-10 06:46:53
Yan,da Cruz,20,101.95,Transação 20 - Restaurante,2023-08-22 10:06:51,4800279567662055,YAN DA CRUZ,2023-05-11 08:30:55,CORRENTE,2023-04-10 06:46:53
Yan,da Cruz,20,61.33,Transação 21 - Cinema,2023-10-11 21:58:46,4800279567662055,YAN DA CRUZ,2023-05-11 08:30:55,CORRENTE,2023-04-10 06:46:53
Pietro,Carvalho,21,752.76,Transação 22 - Supermercado,2024-02-22 17:06:34,5195921637298556,PIETRO CARVALHO,2023-09-26 06:51:38,POUPANCA,2023-08-29 20:46:34
Pietro,Carvalho,21,37.66,Transação 23 - Farmácia,2023-10-10 22:30:54,5195921637298556,PIETRO CARVALHO,2023-09-26 06:51:38,POUPANCA,2023-08-29 20:46:34
Pietro,Carvalho,21,10.62,Transação 24 - Transporte,2023-11-26 03:45:03,5195921637298556,PIETRO CARVALHO,2023-09-26 06:51:38,POUPANCA,2023-08-29 20:46:34
Pietro,Carvalho,21,18.44,Transação 25 - Café,2024-03-19 15:44:41,5195921637298556,PIETRO CARVALHO,2023-09-26 06:51:38,POUPANCA,2023-08-29 20:46:34
Pietro,Carvalho,21,29.39,Transação 26 - Restaurante,2023-10-27 14:20:18,5195921637298556,PIETRO CARVALHO,2023-09-26 06:51:38,POUPANCA,2023-08-29 20:46:34
Pietro,Carvalho,21,48.17,Transação 27 - Cinema,2023-10-27 04:04:58,5195921637298556,PIETRO CARVALHO,2023-09-26 06:51:38,POUPANCA,2023-08-29 20:46:34
Pietro,Carvalho,21,173.75,Transação 28 - Supermercado,2023-10-22 19:18:06,5195921637298556,PIETRO CARVALHO,2023-09-26 06:51:38,POUPANCA,2023-08-29 20:46:34
Pietro,Carvalho,21,162.87,Transação 29 - Farmácia,2023-06-10 06:44:46,5117361417122822,PIETRO CARVALHO,2023-05-25 16:05:47,CORRENTE,2023-05-10 08:25:55
Pietro,Carvalho,21,55.38,Transação 30 - Transporte,2023-11-01 00:13:04,5117361417122822,PIETRO CARVALHO,2023-05-25 16:05:47,CORRENTE,2023-05-10 08:25:55
Pietro,Carvalho,21,24.66,Transação 31 - Café,2023-10-12 04:52:16,5117361417122822,PIETRO CARVALHO,2023-05-25 16:05:47,CORRENTE,2023-05-10 08:25:55
Pietro,Carvalho,21,292.93,Transação 32 - Restaurante,2023-07-16 06:41:08,5117361417122822,PIETRO CARVALHO,2023-05-25 16:05:47,CORRENTE,2023-05-10 08:25:55
Pietro,Carvalho,21,70.29,Transação 33 - Cinema,2023-06-14 21:57:39,5117361417122822,PIETRO CARVALHO,2023-05-25 16:05:47,CORRENTE,2023-05-10 08:25:55
Pietro,Carvalho,21,957.46,Transação 34 - Supermercado,2023-10-25 14:11:52,5117361417122822,PIETRO CARVALHO,2023-05-25 16:05:47,CORRENTE,2023-05-10 08:25:55
Pietro,Carvalho,21,518.08,Transação 35 - Farmácia,2023-10-12 03:19:09,5117361417122822,PIETRO CARVALHO,2023-05-25 16:05:47,CORRENTE,2023-05-10 08:25:55
Pietro,Carvalho,21,67.19,Transação 36 - Transporte,2023-09-07 12:07:30,5117361417122822,PIETRO CARVALHO,2023-05-25 16:05:47,CORRENTE,2023-05-10 08:25:55
Pietro,Carvalho,21,8.71,Transação 37 - Café,2023-10-03 12:08:34,5340549900906557,PIETRO CARVALHO,2023-05-13 18:54:39,CORRENTE,2023-05-10 08:25:55
Pietro,Carvalho,21,393.90,Transação 38 - Restaurante,2023-11-08 08:50:01,5340549900906557,PIETRO CARVALHO,2023-05-13 18:54:39,CORRENTE,2023-05-10 08:25:55
Pietro,Carvalho,21,60.88,Transação 39 - Cinema,2023-06-19 01:23:06,5340549900906557,PIETRO CARVALHO,2023-05-13 18:54:39,CORRENTE,2023-05-10 08:25:55
Pietro,Carvalho,21,1346.94,Transação 40 - Supermercado,2023-08-20 16:52:52,5340549900906557,PIETRO CARVALHO,2023-05-13 18:54:39,CORRENTE,2023-05-10 08:25:55
Pietro,Carvalho,21,447.32,Transação 41 - Farmácia,2023-08-30 04:37:40,5340549900906557,PIETRO CARVALHO,2023-05-13 18:54:39,CORRENTE,2023-05-10 08:25:55
Pietro,Carvalho,21,33.85,Transação 42 - Transporte,2023-11-01 23:25:22,5340549900906557,PIETRO CARVALHO,2023-05-13 18:54:39,CORRENTE,2023-05-10 08:25:55
Pietro,Carvalho,21,28.54,Transação 43 - Café,2023-09-24 07:59:42,5340549900906557,PIETRO CARVALHO,2023-05-13 18:54:39,CORRENTE,2023-05-10 08:25:55
Pietro,Carvalho,21,368.65,Transação 44 - Restaurante,2023-06-29 15:46:57,5340549900906557,PIETRO CARVALHO,2023-05-13 18:54:39,CORRENTE,2023-05-10 08:25:55
Pietro,Carvalho,21,131.10,Transação 45 - Cinema,2023-09-27 03:57:57,5340549900906557,PIETRO CARVALHO,2023-05-13 18:54:39,CORRENTE,2023-05-10 08:25:55
Gustavo,Rocha,22,435.69,Transação 46 - Supermercado,2023-09-06 05:20:52,5201628198524096,GUSTAVO ROCHA,2023-06-15 18:18:48,POUPANCA,2023-04-07 01:37:51
Gustavo,Rocha,22,201.24,Transação 47 - Farmácia,2023-09-06 02:39:22,5201628198524096,GUSTAVO ROCHA,2023-06-15 18:18:48,POUPANCA,2023-04-07 01:37:51
Gustavo,Rocha,22,207.23,Transação 48 - Transporte,2023-06-23 11:41:54,5201628198524096,GUSTAVO ROCHA,2023-06-15 18:18:48,POUPANCA,2023-04-07 01:37:51
Gustavo,Rocha,22,33.84,Transação 49 - Café,2023-06-18 17:23:17,5201628198524096,GUSTAVO ROCHA,2023-06-15 18:18:48,POUPANCA,2023-04-07 01:37:51
Gustavo,Rocha,22,242.14,Transação 50 - Restaurante,2023-07-16 10:59:09,5201628198524096,GUSTAVO ROCHA,2023-06-15 18:18:48,POUPANCA,2023-04-07 01:37:51
Gustavo,Rocha,22,53.81,Transação 51 - Cinema,2023-11-14 02:31:04,5201628198524096,GUSTAVO ROCHA,2023-06-15 18:18:48,POUPANCA,2023-04-07 01:37:51
Gustavo,Rocha,22,677.06,Transação 52 - Supermercado,2023-12-03 06:06:28,5201628198524096,GUSTAVO ROCHA,2023-06-15 18:18:48,POUPANCA,2023-04-07 01:37:51
Gustavo,Rocha,22,431.86,Transação 53 - Farmácia,2023-12-05 18:54:58,5201628198524096,GUSTAVO ROCHA,2023-06-15 18:18:48,POUPANCA,2023-04-07 01:37:51
Gustavo,Rocha,22,201.96,Transação 54 - Transporte,2023-07-08 22:09:40,5201628198524096,GUSTAVO ROCHA,2023-06-15 18:18:48,POUPANCA,2023-04-07 01:37:51
Gustavo,Rocha,22,13.44,Transação 55 - Café,2023-07-02 15:37:33,5201628198524096,GUSTAVO ROCHA,2023-06-15 18:18:48,POUPANCA,2023-04-07 01:37:51
Gustavo,Rocha,22,72.86,Transação 56 - Restaurante,2023-06-28 09:03:01,5323292019410531,GUSTAVO ROCHA,2023-05-26 10:58:36,POUPANCA,2023-04-07 01:37:51
Gustavo,Rocha,22,85.37,Transação 57 - Cinema,2023-10-16 04:32:58,5528012705778931,GUSTAVO ROCHA,2023-05-09 06:04:30,POUPANCA,2023-04-07 01:37:51
Gustavo,Rocha,22,1367.51,Transação 58 - Supermercado,2023-05-22 03:03:17,5528012705778931,GUSTAVO ROCHA,2023-05-09 06:04:30,POUPANCA,2023-04-07 01:37:51
Zoe,Borges,23,411.30,Transação 59 - Farmácia,2023-08-23 22:47:02,5264397649337979,ZOE BORGES,2023-05-17 05:38:59,CORRENTE,2023-03-01 02:22:32
Zoe,Borges,23,151.74,Transação 60 - Transporte,2023-08-27 15:05:40,5264397649337979,ZOE BORGES,2023-05-17 05:38:59,CORRENTE,2023-03-01 02:22:32
Zoe,Borges,23,41.81,Transação 61 - Café,2023-10-17 01:28:08,5264397649337979,ZOE BORGES,2023-05-17 05:38:59,CORRENTE,2023-03-01 02:22:32
Zoe,Borges,23,170.71,Transação 62 - Restaurante,2023-07-06 08:13:50,5184323900728513,ZOE BORGES,2023-05-11 03:36:37,POUPANCA,2023-04-20 22:59:21
Zoe,Borges,23,152.18,Transação 63 - Cinema,2023-07-28 09:24:57,5184323900728513,ZOE BORGES,2023-05-11 03:36:37,POUPANCA,2023-04-20 22:59:21
Zoe,Borges,23,1403.58,Transação 64 - Supermercado,2023-07-23 22:50:33,5184323900728513,ZOE BORGES,2023-05-11 03:36:37,POUPANCA,2023-04-20 22:59:21
Zoe,Borges,23,561.29,Transação 65 - Farmácia,2023-10-02 20:28:41,5184323900728513,ZOE BORGES,2023-05-11 03:36:37,POUPANCA,2023-04-20 22:59:21
Zoe,Borges,23,233.80,Transação 66 - Transporte,2023-10-08 03:12:28,5593293380179872,ZOE BORGES,2023-05-05 05:27:43,POUPANCA,2023-04-20 22:59:21
Zoe,Borges,23,7.75,Transação 67 - Café,2023-07-28 23:28:37,5593293380179872,ZOE BORGES,2023-05-05 05:27:43,POUPANCA,2023-04-20 22:59:21
Zoe,Borges,23,198.80,Transação 68 - Restaurante,2023-09-17 05:00:55,5593293380179872,ZOE BORGES,2023-05-05 05:27:43,POUPANCA,2023-04-20 22:59:21
Zoe,Borges,23,56.75,Transação 69 - Cinema,2023-06-25 00:47:51,5593293380179872,ZOE BORGES,2023-05-05 05:27:43,POUPANCA,2023-04-20 22:59:21
Zoe,Borges,23,407.58,Transação 70 - Supermercado,2023-08-07 21:00:52,5593293380179872,ZOE BORGES,2023-05-05 05:27:43,POUPANCA,2023-04-20 22:59:21
Lavínia,Andrade,24,476.41,Transação 71 - Farmácia,2024-02-09 08:09:09,5171629769185081,LAVÍNIA ANDRADE,2023-10-14 01:51:04,CORRENTE,2023-08-13 05:56:26
Lavínia,Andrade,24,37.46,Transação 72 - Transporte,2024-02-03 22:19:10,5171629769185081,LAVÍNIA ANDRADE,2023-10-14 01:51:04,CORRENTE,2023-08-13 05:56:26
Lavínia,Andrade,24,45.41,Transação 73 - Café,2024-01-17 14:05:16,5171629769185081,LAVÍNIA ANDRADE,2023-10-14 01:51:04,CORRENTE,2023-08-13 05:56:26
Lavínia,Andrade,24,319.74,Transação 74 - Restaurante,2024-01-08 08:11:10,5171629769185081,LAVÍNIA ANDRADE,2023-10-14 01:51:04,CORRENTE,2023-08-13 05:56:26
Lavínia,Andrade,24,138.75,Transação 75 - Cinema,2023-11-17 14:30:20,5171629769185081,LAVÍNIA ANDRADE,2023-10-14 01:51:04,CORRENTE,2023-08-13 05:56:26
Lavínia,Andrade,24,763.38,Transação 76 - Supermercado,2024-01-16 19:36:10,5171629769185081,LAVÍNIA ANDRADE,2023-10-14 01:51:04,CORRENTE,2023-08-13 05:56:26
Lavínia,Andrade,24,184.02,Transação 77 - Farmácia,2023-12-08 23:03:35,4717627070237645,LAVÍNIA ANDRADE,2023-09-13 02:44:46,CORRENTE,2023-08-13 05:56:26
Lavínia,Andrade,24,195.44,Transação 78 - Transporte,2023-12-12 17:29:10,4717627070237645,LAVÍNIA ANDRADE,2023-09-13 02:44:46,CORRENTE,2023-08-13 05:56:26
Lavínia,Andrade,24,12.33,Transação 79 - Café,2023-10-14 23:23:40,4717627070237645,LAVÍNIA ANDRADE,2023-09-13 02:44:46,CORRENTE,2023-08-13 05:56:26
Lavínia,Andrade,24,437.48,Transação 80 - Restaurante,2024-02-27 23:32:00,4717627070237645,LAVÍNIA ANDRADE,2023-09-13 02:44:46,CORRENTE,2023-08-13 05:56:26
Lavínia,Andrade,24,153.91,Transação 81 - Cinema,2024-02-04 17:45:54,4717627070237645,LAVÍNIA ANDRADE,2023-09-13 02:44:46,CORRENTE,2023-08-13 05:56:26
Lavínia,Andrade,24,1649.96,Transação 82 - Supermercado,2023-10-17 17:46:01,4717627070237645,LAVÍNIA ANDRADE,2023-09-13 02:44:46,CORRENTE,2023-08-13 05:56:26
Lavínia,Andrade,24,522.22,Transação 83 - Farmácia,2023-11-13 19:25:09,4717627070237645,LAVÍNIA ANDRADE,2023-09-13 02:44:46,CORRENTE,2023-08-13 05:56:26
Lavínia,Andrade,24,225.06,Transação 84 - Transporte,2023-11-28 10:04:48,5522351331388707,LAVÍNIA ANDRADE,2023-10-22 17:57:31,CORRENTE,2023-08-13 05:56:26
Lavínia,Andrade,24,43.95,Transação 85 - Café,2024-01-30 21:17:51,5522351331388707,LAVÍNIA ANDRADE,2023-10-22 17:57:31,CORRENTE,2023-08-13 05:56:26
Lavínia,Andrade,24,298.42,Transação 86 - Restaurante,2024-01-20 13:32:12,5522351331388707,LAVÍNIA ANDRADE,2023-10-22 17:57:31,CORRENTE,2023-08-13 05:56:26
Lavínia,Andrade,24,88.92,Transação 87 - Cinema,2023-12-20 17:41:39,5522351331388707,LAVÍNIA ANDRADE,2023-10-22 17:57:31,CORRENTE,2023-08-13 05:56:26
Lavínia,Andrade,24,884.94,Transação 88 - Supermercado,2023-11-24 07:50:18,5522351331388707,LAVÍNIA ANDRADE,2023-10-22 17:57:31,CORRENTE,2023-08-13 05:56:26
Lavínia,Andrade,24,555.76,Transação 89 - Farmácia,2024-01-01 14:22:17,5522351331388707,LAVÍNIA ANDRADE,2023-10-22 17:57:31,CORRENTE,2023-08-13 05:56:26
Lavínia,Andrade,24,164.74,Transação 90 - Transporte,2024-01-05 16:38:11,5522351331388707,LAVÍNIA ANDRADE,2023-10-22 17:57:31,CORRENTE,2023-08-13 05:56:26
Lavínia,Andrade,24,30.48,Transação 91 - Café,2023-12-03 08:37:08,5522351331388707,LAVÍNIA ANDRADE,2023-10-22 17:57:31,CORRENTE,2023-08-13 05:56:26
Bento,Borges,25,423.28,Transação 92 - Restaurante,2023-07-11 22:39:31,5480444516309562,BENTO BORGES,2023-04-19 14:00:41,POUPANCA,2023-04-12 16:07:01
Bento,Borges,25,138.69,Transação 93 - Cinema,2023-08-19 00:49:12,5480444516309562,BENTO BORGES,2023-04-19 14:00:41,POUPANCA,2023-04-12 16:07:01
Bento,Borges,25,1388.35,Transação 94 - Supermercado,2023-07-05 02:40:50,5480444516309562,BENTO BORGES,2023-04-19 14:00:41,POUPANCA,2023-04-12 16:07:01
Bento,Borges,25,116.59,Transação 95 - Farmácia,2023-07-03 00:54:38,5480444516309562,BENTO BORGES,2023-04-19 14:00:41,POUPANCA,2023-04-12 16:07:01
Bento,Borges,25,213.52,Transação 96 - Transporte,2023-04-30 13:13:35,5480444516309562,BENTO BORGES,2023-04-19 14:00:41,POUPANCA,2023-04-12 16:07:01
Bento,Borges,25,25.90,Transação 97 - Café,2023-08-17 05:48:16,5480444516309562,BENTO BORGES,2023-04-19 14:00:41,POUPANCA,2023-04-12 16:07:01
Bento,Borges,25,35.19,Transação 98 - Restaurante,2023-07-05 20:57:08,5480444516309562,BENTO BORGES,2023-04-19 14:00:41,POUPANCA,2023-04-12 16:07:01
Bento,Borges,25,33.17,Transação 99 - Cinema,2023-07-21 03:35:07,5480444516309562,BENTO BORGES,2023-04-19 14:00:41,POUPANCA,2023-04-12 16:07:01
Bento,Borges,25,154.90,Transação 100 - Supermercado,2023-07-23 22:47:30,5480444516309562,BENTO BORGES,2023-04-19 14:00:41,POUPANCA,2023-04-12 16:07:01
Bento,Borges,25,540.56,Transação 101 - Farmácia,2024-02-03 16:42:07,5286151715046731,BENTO BORGES,2023-09-18 18:50:11,CORRENTE,2023-07-29 23:11:01
Bento,Borges,25,61.02,Transação 102 - Transporte,2023-10-18 20:00:40,5286151715046731,BENTO BORGES,2023-09-18 18:50:11,CORRENTE,2023-07-29 23:11:01
Bento,Borges,25,33.52,Transação 103 - Café,2024-01-23 18:21:33,5286151715046731,BENTO BORGES,2023-09-18 18:50:11,CORRENTE,2023-07-29 23:11:01
Bento,Borges,25,183.05,Transação 104 - Restaurante,2024-02-19 12:24:24,5286151715046731,BENTO BORGES,2023-09-18 18:50:11,CORRENTE,2023-07-29 23:11:01
Bento,Borges,25,106.83,Transação 105 - Cinema,2023-10-04 10:53:26,5286151715046731,BENTO BORGES,2023-09-18 18:50:11,CORRENTE,2023-07-29 23:11:01
Bento,Borges,25,1479.73,Transação 106 - Supermercado,2024-02-26 07:01:42,5286151715046731,BENTO BORGES,2023-09-18 18:50:11,CORRENTE,2023-07-29 23:11:01
Bento,Borges,25,144.46,Transação 107 - Farmácia,2024-02-16 20:22:10,5286151715046731,BENTO BORGES,2023-09-18 18:50:11,CORRENTE,2023-07-29 23:11:01
Bento,Borges,25,70.39,Transação 108 - Transporte,2024-01-14 12:40:03,5286151715046731,BENTO BORGES,2023-09-18 18:50:11,CORRENTE,2023-07-29 23:11:01
Bento,Borges,25,33.39,Transação 109 - Café,2023-12-18 02:30:21,5286151715046731,BENTO BORGES,2023-09-18 18:50:11,CORRENTE,2023-07-29 23:11:01
Bento,Borges,25,202.42,Transação 110 - Restaurante,2024-02-01 17:00:36,5286151715046731,BENTO BORGES,2023-09-18 18:50:11,CORRENTE,2023-07-29 23:11:01
Bento,Borges,25,73.01,Transação 111 - Cinema,2024-01-13 06:42:32,4527710919106245,BENTO BORGES,2023-10-14 11:13:56,CORRENTE,2023-07-29 23:11:01
Pedro Henrique,da Conceição,26,1074.05,Transação 112 - Supermercado,2023-09-05 10:52:59,5598629835454987,PEDRO HENRIQUE DA CONCEIÇÃO,2023-06-30 18:07:11,POUPANCA,2023-05-18 22:23:13
Pedro Henrique,da Conceição,26,389.45,Transação 113 - Farmácia,2023-07-17 20:13:19,5598629835454987,PEDRO HENRIQUE DA CONCEIÇÃO,2023-06-30 18:07:11,POUPANCA,2023-05-18 22:23:13
Pedro Henrique,da Conceição,26,160.91,Transação 114 - Transporte,2023-09-23 23:30:48,5417514243521099,PEDRO HENRIQUE DA CONCEIÇÃO,2023-06-12 11:52:35,POUPANCA,2023-05-18 22:23:13
Pedro Henrique,da Conceição,26,10.45,Transação 115 - Café,2023-07-22 18:11:19,5417514243521099,PEDRO HENRIQUE DA CONCEIÇÃO,2023-06-12 11:52:35,POUPANCA,2023-05-18 22:23:13
Pedro Henrique,da Conceição,26,73.83,Transação 116 - Restaurante,2023-07-17 07:33:18,5417514243521099,PEDRO HENRIQUE DA CONCEIÇÃO,2023-06-12 11:52:35,POUPANCA,2023-05-18 22:23:13
Pedro Henrique,da Conceição,26,70.08,Transação 117 - Cinema,2023-09-27 01:29:36,5130858275896291,PEDRO HENRIQUE DA CONCEIÇÃO,2023-05-26 22:27:13,POUPANCA,2023-05-18 22:23:13
Pedro Henrique,da Conceição,26,1097.54,Transação 118 - Supermercado,2023-09-28 13:06:53,5130858275896291,PEDRO HENRIQUE DA CONCEIÇÃO,2023-05-26 22:27:13,POUPANCA,2023-05-18 22:23:13
Pedro Henrique,da Conceição,26,265.65,Transação 119 - Farmácia,2023-09-23 17:29:57,5130858275896291,PEDRO HENRIQUE DA CONCEIÇÃO,2023-05-26 22:27:13,POUPANCA,2023-05-18 22:23:13
Pedro Henrique,da Conceição,26,244.91,Transação 120 - Transporte,2023-07-17 19:58:01,5130858275896291,PEDRO HENRIQUE DA CONCEIÇÃO,2023-05-26 22:27:13,POUPANCA,2023-05-18 22:23:13
Mirella,Pereira,27,25.71,Transação 121 - Café,2023-05-17 09:57:44,5431940580131014,MIRELLA PEREIRA,2023-02-25 15:08:52,CORRENTE,2023-02-12 09:33:07
Mirella,Pereira,27,267.62,Transação 122 - Restaurante,2023-04-22 20:03:33,5431940580131014,MIRELLA PEREIRA,2023-02-25 15:08:52,CORRENTE,2023-02-12 09:33:07
Mirella,Pereira,27,62.84,Transação 123 - Cinema,2023-05-13 11:53:01,5431940580131014,MIRELLA PEREIRA,2023-02-25 15:08:52,CORRENTE,2023-02-12 09:33:07
Mirella,Pereira,27,1517.64,Transação 124 - Supermercado,2023-08-03 05:39:54,5431940580131014,MIRELLA PEREIRA,2023-02-25 15:08:52,CORRENTE,2023-02-12 09:33:07
Mirella,Pereira,27,642.91,Transação 125 - Farmácia,2023-03-29 00:37:51,5431940580131014,MIRELLA PEREIRA,2023-02-25 15:08:52,CORRENTE,2023-02-12 09:33:07
Mirella,Pereira,27,84.28,Transação 126 - Transporte,2023-09-29 19:24:48,5434174472714805,MIRELLA PEREIRA,2023-08-15 08:16:35,POUPANCA,2023-08-04 10:44:31
Mirella,Pereira,27,8.46,Transação 127 - Café,2023-12-14 17:57:08,5434174472714805,MIRELLA PEREIRA,2023-08-15 08:16:35,POUPANCA,2023-08-04 10:44:31
Mirella,Pereira,27,249.87,Transação 128 - Restaurante,2024-02-05 22:20:28,5434174472714805,MIRELLA PEREIRA,2023-08-15 08:16:35,POUPANCA,2023-08-04 10:44:31
Mirella,Pereira,27,46.33,Transação 129 - Cinema,2023-12-08 17:36:37,5434174472714805,MIRELLA PEREIRA,2023-08-15 08:16:35,POUPANCA,2023-08-04 10:44:31
Mirella,Pereira,27,1152.31,Transação 130 - Supermercado,2024-02-06 00:31:25,5434174472714805,MIRELLA PEREIRA,2023-08-15 08:16:35,POUPANCA,2023-08-04 10:44:31
Mirella,Pereira,27,419.65,Transação 131 - Farmácia,2024-01-12 03:24:05,5434174472714805,MIRELLA PEREIRA,2023-08-15 08:16:35,POUPANCA,2023-08-04 10:44:31
Mirella,Pereira,27,223.13,Transação 132 - Transporte,2023-11-24 11:08:55,5537295169321848,MIRELLA PEREIRA,2023-10-13 16:41:52,POUPANCA,2023-08-04 10:44:31
Mirella,Pereira,27,39.85,Transação 133 - Café,2023-11-03 23:11:58,5537295169321848,MIRELLA PEREIRA,2023-10-13 16:41:52,POUPANCA,2023-08-04 10:44:31
Mirella,Pereira,27,71.10,Transação 134 - Restaurante,2023-12-20 15:12:27,5537295169321848,MIRELLA PEREIRA,2023-10-13 16:41:52,POUPANCA,2023-08-04 10:44:31
Mirella,Pereira,27,127.78,Transação 135 - Cinema,2024-01-31 05:40:28,5537295169321848,MIRELLA PEREIRA,2023-10-13 16:41:52,POUPANCA,2023-08-04 10:44:31
Mirella,Pereira,27,350.97,Transação 136 - Supermercado,2024-01-07 02:27:53,5537295169321848,MIRELLA PEREIRA,2023-10-13 16:41:52,POUPANCA,2023-08-04 10:44:31
Mirella,Pereira,27,357.79,Transação 137 - Farmácia,2023-10-26 10:58:49,5537295169321848,MIRELLA PEREIRA,2023-10-13 16:41:52,POUPANCA,2023-08-04 10:44:31
Mirella,Pereira,27,143.77,Transação 138 - Transporte,2023-11-25 08:33:48,5537295169321848,MIRELLA PEREIRA,2023-10-13 16:41:52,POUPANCA,2023-08-04 10:44:31
Benjamim,Novais,28,11.47,Transação 139 - Café,2023-09-25 10:52:53,5545581392590501,BENJAMIM NOVAIS,2023-07-25 21:14:39,CORRENTE,2023-05-24 02:01:38
Benjamim,Novais,28,355.97,Transação 140 - Restaurante,2023-12-22 04:45:36,5545581392590501,BENJAMIM NOVAIS,2023-07-25 21:14:39,CORRENTE,2023-05-24 02:01:38
Benjamim,Novais,28,93.17,Transação 141 - Cinema,2023-10-18 05:04:06,5545581392590501,BENJAMIM NOVAIS,2023-07-25 21:14:39,CORRENTE,2023-05-24 02:01:38
Benjamim,Novais,28,886.78,Transação 142 - Supermercado,2023-10-30 01:35:40,5545581392590501,BENJAMIM NOVAIS,2023-07-25 21:14:39,CORRENTE,2023-05-24 02:01:38
Benjamim,Novais,28,381.98,Transação 143 - Farmácia,2023-09-20 02:28:59,5545581392590501,BENJAMIM NOVAIS,2023-07-25 21:14:39,CORRENTE,2023-05-24 02:01:38
Benjamim,Novais,28,205.24,Transação 144 - Transporte,2023-08-19 21:23:23,5545581392590501,BENJAMIM NOVAIS,2023-07-25 21:14:39,CORRENTE,2023-05-24 02:01:38
Benjamim,Novais,28,31.20,Transação 145 - Café,2024-01-22 14:35:00,5545581392590501,BENJAMIM NOVAIS,2023-07-25 21:14:39,CORRENTE,2023-05-24 02:01:38
Benjamim,Novais,28,27.67,Transação 146 - Restaurante,2024-01-02 08:02:25,5545581392590501,BENJAMIM NOVAIS,2023-07-25 21:14:39,CORRENTE,2023-05-24 02:01:38
Benjamim,Novais,28,114.04,Transação 147 - Cinema,2023-11-03 23:10:29,5469023799824417,BENJAMIM NOVAIS,2023-07-16 05:42:25,CORRENTE,2023-05-24 02:01:38
Benjamim,Novais,28,1661.88,Transação 148 - Supermercado,2023-08-23 23:53:40,5469023799824417,BENJAMIM NOVAIS,2023-07-16 05:42:25,CORRENTE,2023-05-24 02:01:38
Benjamim,Novais,28,395.57,Transação 149 - Farmácia,2023-10-30 04:15:02,5469023799824417,BENJAMIM NOVAIS,2023-07-16 05:42:25,CORRENTE,2023-05-24 02:01:38
Benjamim,Novais,28,117.86,Transação 150 - Transporte,2023-08-10 17:41:19,5469023799824417,BENJAMIM NOVAIS,2023-07-16 05:42:25,CORRENTE,2023-05-24 02:01:38
Benjamim,Novais,28,44.21,Transação 151 - Café,2023-10-10 14:38:27,5469023799824417,BENJAMIM NOVAIS,2023-07-16 05:42:25,CORRENTE,2023-05-24 02:01:38
Benjamim,Novais,28,331.08,Transação 152 - Restaurante,2023-09-17 17:03:19,5469023799824417,BENJAMIM NOVAIS,2023-07-16 05:42:25,CORRENTE,2023-05-24 02:01:38
Benjamim,Novais,28,59.03,Transação 153 - Cinema,2023-11-14 17:16:46,5469023799824417,BENJAMIM NOVAIS,2023-07-16 05:42:25,CORRENTE,2023-05-24 02:01:38
Benjamim,Novais,28,158.29,Transação 154 - Supermercado,2023-10-04 09:22:42,5469023799824417,BENJAMIM NOVAIS,2023-07-16 05:42:25,CORRENTE,2023-05-24 02:01:38
Benjamim,Novais,28,118.11,Transação 155 - Farmácia,2023-10-01 19:56:56,5469023799824417,BENJAMIM NOVAIS,2023-07-16 05:42:25,CORRENTE,2023-05-24 02:01:38
Benjamim,Novais,28,193.45,Transação 156 - Transporte,2023-11-26 21:34:19,4546231269989350,BENJAMIM NOVAIS,2023-07-05 08:36:09,CORRENTE,2023-05-24 02:01:38
Benjamim,Novais,28,24.67,Transação 157 - Café,2023-11-16 02:32:54,4546231269989350,BENJAMIM NOVAIS,2023-07-05 08:36:09,CORRENTE,2023-05-24 02:01:38
Benjamim,Novais,28,409.74,Transação 158 - Restaurante,2023-10-15 01:08:26,4546231269989350,BENJAMIM NOVAIS,2023-07-05 08:36:09,CORRENTE,2023-05-24 02:01:38
Benjamim,Novais,28,75.86,Transação 159 - Cinema,2023-10-10 03:29:16,4546231269989350,BENJAMIM NOVAIS,2023-07-05 08:36:09,CORRENTE,2023-05-24 02:01:38
Benjamim,Novais,28,1002.11,Transação 160 - Supermercado,2023-10-20 09:43:38,4546231269989350,BENJAMIM NOVAIS,2023-07-05 08:36:09,CORRENTE,2023-05-24 02:01:38
Benjamim,Novais,28,429.67,Transação 161 - Farmácia,2023-07-15 03:42:16,4546231269989350,BENJAMIM NOVAIS,2023-07-05 08:36:09,CORRENTE,2023-05-24 02:01:38
Benjamim,Novais,28,46.11,Transação 162 - Transporte,2023-10-07 21:33:37,4546231269989350,BENJAMIM NOVAIS,2023-07-05 08:36:09,CORRENTE,2023-05-24 02:01:38
Benjamim,Novais,28,39.95,Transação 163 - Café,2023-10-03 06:00:06,4546231269989350,BENJAMIM NOVAIS,2023-07-05 08:36:09,CORRENTE,2023-05-24 02:01:38
Benjamim,Novais,28,191.84,Transação 164 - Restaurante,2023-09-17 18:26:23,4546231269989350,BENJAMIM NOVAIS,2023-07-05 08:36:09,CORRENTE,2023-05-24 02:01:38
Benjamim,Novais,28,37.06,Transação 165 - Cinema,2023-12-07 05:55:41,4546231269989350,BENJAMIM NOVAIS,2023-07-05 08:36:09,CORRENTE,2023-05-24 02:01:38
